序号,标题,层级,忠实度分,原稿字数,生成字数,压缩比,关键词保留,内容词保留,数字保留,ASCII保留,虚构风险,结论,诊断
1,存款利率跌破1%：债务出清前，不亏即是赢,medium,99.7,1081,1030,0.953,100%,99%,100%,100%,0%,良好,
2,居民收入大幅增长前，货币政策将持续失灵,medium,99.1,950,1012,1.065,100%,97%,100%,100%,0%,良好,
3,存款利率跌破1%，本质是全民债务置换,medium,79.5,1342,1150,0.857,86%,60%,75%,100%,0%,中等：建议人工复核,指标偏低但未见单项硬伤，建议人工抽查
4,26年过得舒服的关键：降杠杆、加现金流、守资产,medium,82.5,1006,1010,1.004,100%,75%,100%,0%,0%,基本合格,指标偏低但未见单项硬伤，建议人工抽查
5,90%报废动力电池流入黑作坊的环保危机,medium,76.0,1232,842,0.683,85%,55%,67%,100%,0%,中等：建议人工复核,指标偏低但未见单项硬伤，建议人工抽查
6,医生年薪制按职称定薪损害医疗效率,medium,77.0,2302,1329,0.577,90%,47%,75%,100%,0%,中等：建议人工复核,指标偏低但未见单项硬伤，建议人工抽查
7,通胀对普通人意味着能挣到钱,medium,92.4,980,889,0.907,100%,75%,100%,100%,0%,良好,
8,杀死音乐的不是盗版，是平台垄断,medium,97.1,1334,1160,0.87,100%,90%,100%,100%,0%,良好,
9,中国能源缓冲垫有效但时效有限,medium,93.2,1000,987,0.987,100%,77%,100%,100%,0%,良好,
10,霍尔木兹海峡封禁已近四十天，实质性冲击将至,medium,83.9,1005,884,0.88,90%,58%,100%,100%,0%,基本合格,指标偏低但未见单项硬伤，建议人工抽查
11,散户与高手的本质区别：不在猜底而在等车,medium,73.5,1273,1020,0.801,57%,62%,100%,100%,0%,中等：建议人工复核,核心关键词保留率偏低，可能漏掉主要案例/论证
12,平台算法压榨骑手，管理失当加剧普通人困境,medium,84.7,1573,1209,0.769,80%,72%,100%,100%,0%,基本合格,指标偏低但未见单项硬伤，建议人工抽查
13,科技进步不会让人更轻松，只会让人更忙,medium,87.5,1564,1198,0.766,94%,66%,100%,100%,0%,基本合格,指标偏低但未见单项硬伤，建议人工抽查
14,算法正在固化思维并扼杀深度内容,long,72.3,4409,1885,0.428,75%,43%,100%,50%,0%,压缩较重，核心观点需人工复核,指标偏低但未见单项硬伤，建议人工抽查
15,延迟退休不是解药，而是分配失衡的遮羞布,medium,93.5,1168,991,0.848,100%,78%,100%,100%,0%,良好,
16,Meta被判罚600万：平台成瘾设计难辞其咎,long,90.7,3004,1744,0.581,91%,74%,100%,100%,0%,良好,
17,付鹏警示：普通人用AI直接问代码炒股极易被收割,medium,98.8,1189,1264,1.063,100%,96%,100%,100%,0%,良好,
18,中产家庭以能力替代学历的门槛与代价,medium,99.4,1108,1154,1.042,100%,98%,100%,100%,0%,良好,
19,汇率波动的本质是国家间的“比烂”与效率重构,medium,82.7,2319,1362,0.587,96%,64%,100%,50%,0%,基本合格,指标偏低但未见单项硬伤，建议人工抽查
20,欧洲高福利困境：过度追求公平导致效率衰退,medium,84.8,2161,1483,0.686,96%,76%,56%,100%,0%,基本合格,指标偏低但未见单项硬伤，建议人工抽查
21,自然资源部38号文件：严控新增与存量盘活下的楼市分化,long,84.0,3934,2460,0.625,94%,77%,57%,100%,0%,基本合格,指标偏低但未见单项硬伤，建议人工抽查
22,地缘冲突下的跨资产联动：寻找确定性比预测波动更重要,medium,97.3,2212,1740,0.787,100%,91%,100%,100%,0%,良好,
23,知天命之年，该停一停了,medium,95.8,1901,1403,0.738,100%,86%,100%,100%,0%,良好,
24,AI杀估值本质是流动性枯竭,medium,77.3,1203,591,0.491,77%,51%,100%,100%,0%,中等：建议人工复核,指标偏低但未见单项硬伤，建议人工抽查
25,AI时代人类社交正被重构为与AI的对话,long,55.6,3298,1269,0.385,79%,42%,0%,69%,0%,偏弱：建议人工复核或重写,数字/年份保留率低（丢：1999年）
26,能源战升级正在触发全球市场流动性危机,long,55.9,5622,1330,0.237,69%,41%,33%,50%,0%,偏弱：建议人工复核或重写,"数字/年份保留率低（丢：1980年, 2001年, 2014年, 一百万）"
27,我确定退休选成都,long,57.9,5200,1114,0.214,54%,32%,60%,100%,0%,偏弱：建议人工复核或重写,指标偏低但未见单项硬伤，建议人工抽查
28,从1970年代冷战看当下战争金属博弈,long,56.1,7779,1475,0.19,61%,30%,55%,67%,0%,偏弱：建议人工复核或重写,指标偏低但未见单项硬伤，建议人工抽查
29,香港楼市下跌的本质是人口周期拐点,long,42.8,12775,2072,0.162,54%,30%,36%,0%,0%,差：建议重写,"数字/年份保留率低（丢：1819年, 1967年, 1994年, 2002年）"
30,内存条炒作风波本质是投机离场信号,long,49.5,3188,812,0.255,63%,31%,0%,100%,0%,差：建议重写,"数字/年份保留率低（丢：1967年, 2009年, 2014年）"
31,让孩子从小建立金钱意识，抵御消费主义侵蚀,long,59.5,8606,1517,0.176,63%,31%,50%,100%,0%,偏弱：建议人工复核或重写,指标偏低但未见单项硬伤，建议人工抽查
32,AI时代情商是不可替代的护城河,medium,88.4,2228,1221,0.548,93%,70%,100%,100%,0%,基本合格,指标偏低但未见单项硬伤，建议人工抽查
33,AI正引发生产关系的全面重构,long,59.4,8594,2449,0.285,59%,37%,57%,90%,0%,偏弱：建议人工复核或重写,指标偏低但未见单项硬伤，建议人工抽查
34,长白山顶奢VIP俱乐部正式启用,short,100.0,172,166,0.965,100%,100%,100%,100%,0%,良好,
35,长白山深圳滑雪，我带你们滑,short,85.7,21,135,6.429,100%,100%,100%,100%,0%,基本合格,生成文章明显膨胀（6.4x），检查是否注水
36,AI商业化正滑向流量游戏而非生产力革命,medium,95.6,905,711,0.786,100%,85%,100%,100%,0%,良好,
37,AI时代将催生提示词与应用能力等级认证,medium,95.5,1170,903,0.772,100%,85%,100%,100%,0%,良好,
38,孩子线下社交场景的消失与重建,medium,85.9,1608,938,0.583,93%,61%,100%,100%,0%,基本合格,指标偏低但未见单项硬伤，建议人工抽查
39,高波动率是风险信号而非机会,long,51.6,6226,1308,0.21,66%,34%,18%,67%,0%,差：建议重写,"数字/年份保留率低（丢：20%, 2016年, 2022年, 2024年）"
40,成都老妈蹄花：付鹏的物理坐标与老味道,medium,100.0,552,551,0.998,100%,100%,100%,100%,0%,良好,
41,2026新年寄语：重拾长周期续航力,short,100.0,191,192,1.005,100%,100%,100%,100%,0%,良好,
42,超高层住宅是未来城市垂直废墟,medium,91.1,1151,815,0.708,100%,70%,100%,100%,0%,良好,
43,AI是工具，制度必须匹配技术进步,medium,75.2,1857,1072,0.577,90%,79%,0%,100%,0%,中等：建议人工复核,数字/年份保留率低（丢：2029年）
44,二十五岁定投垃圾币换财富自由,medium,89.5,1815,1246,0.687,94%,71%,100%,100%,0%,基本合格,指标偏低但未见单项硬伤，建议人工抽查
45,人口终局：人才聚集驱动区域经济重构,long,58.6,4388,1131,0.258,64%,37%,38%,100%,0%,偏弱：建议人工复核或重写,"数字/年份保留率低（丢：1956年, 2015年, 一千万, 一百万）"
46,高波动率是投资雷区，不是机会,medium,76.0,2627,1275,0.485,80%,56%,75%,100%,0%,中等：建议人工复核,指标偏低但未见单项硬伤，建议人工抽查
47,对中年人最好的守护是父母安康,medium,95.0,487,514,1.055,100%,83%,100%,100%,0%,良好,
48,边界感是年轻人的职场新礼仪,medium,87.1,964,639,0.663,100%,57%,100%,100%,0%,基本合格,指标偏低但未见单项硬伤，建议人工抽查
49,AI轻应用的普及上限与专业下限,medium,87.1,1375,582,0.423,95%,63%,100%,100%,0%,基本合格,指标偏低但未见单项硬伤，建议人工抽查
50,职场新人的物质基础与情商现实,medium,83.1,2151,1026,0.477,90%,55%,100%,100%,0%,基本合格,指标偏低但未见单项硬伤，建议人工抽查
51,播客将成为高认知阶层主流内容赛道,medium,83.1,1396,678,0.486,92%,54%,100%,100%,0%,基本合格,指标偏低但未见单项硬伤，建议人工抽查
52,AI替代是分层渐进的，创造比等待更主动,medium,78.2,1540,726,0.471,80%,51%,100%,100%,0%,中等：建议人工复核,指标偏低但未见单项硬伤，建议人工抽查
53,流量生意只有两条路：短期爆款或长期释放,medium,88.2,957,613,0.641,89%,74%,100%,100%,0%,基本合格,指标偏低但未见单项硬伤，建议人工抽查
54,当代孩子最缺的不是认知而是社交,medium,71.6,1888,872,0.462,71%,39%,100%,100%,0%,中等：建议人工复核,指标偏低但未见单项硬伤，建议人工抽查
55,小镇核心资产的不灭逻辑,medium,80.9,1326,815,0.615,90%,48%,100%,100%,0%,基本合格,指标偏低但未见单项硬伤，建议人工抽查
56,顺周期跳槽泡沫与中年危机陷阱,medium,95.3,1112,903,0.812,100%,84%,100%,100%,0%,良好,
57,断舍离是人生纠偏的核心能力,medium,75.9,1002,729,0.728,71%,53%,100%,100%,0%,中等：建议人工复核,指标偏低但未见单项硬伤，建议人工抽查
58,生产力跃迁正重构全球金融秩序,medium,78.6,1645,889,0.54,75%,58%,100%,100%,0%,中等：建议人工复核,指标偏低但未见单项硬伤，建议人工抽查
59,通胀挣钱，通缩花钱：一个基准财务原则,long,47.5,10573,2482,0.235,64%,35%,33%,0%,0%,差：建议重写,"数字/年份保留率低（丢：1992年, 2%, 20%, 2013年）"
60,医患关系中必须坚持良币驱逐劣币,medium,78.1,2074,981,0.473,79%,52%,100%,100%,0%,中等：建议人工复核,指标偏低但未见单项硬伤，建议人工抽查
61,潮玩行业的本质是人口周期,long,48.1,11829,1426,0.121,49%,23%,33%,100%,0%,差：建议重写,"数字/年份保留率低（丢：1819年, 1974年, 1975年, 1994年）"
62,“死了么”APP爆火背后的孤独经济,medium,63.7,1213,783,0.646,80%,52%,0%,100%,0%,偏弱：建议人工复核或重写,"数字/年份保留率低（丢：1%, 一千万, 十一百万）"
63,内卷的本质是利润消失与资源垄断,long,43.4,11574,1498,0.129,44%,22%,20%,100%,0%,差：建议重写,"数字/年份保留率低（丢：1929年, 2002年, 2015年, 百分之十）；高频关键词大量丢失，核心论点可能被压掉"
64,消费券本质是补生产端而非居民,medium,78.3,1708,853,0.499,80%,51%,100%,100%,0%,中等：建议人工复核,指标偏低但未见单项硬伤，建议人工抽查
65,保守主义回归是生产力重构的必经阶段,long,42.7,7893,1446,0.183,60%,29%,0%,50%,0%,差：建议重写,数字/年份保留率低（丢：2016年）
66,2025财经之夜：生产力、生产关系与秩序重建,long,71.9,4407,1939,0.44,71%,62%,71%,85%,0%,压缩较重，核心观点需人工复核,指标偏低但未见单项硬伤，建议人工抽查
67,十五到十八岁是孩子财商培养黄金期,medium,87.0,1709,858,0.502,100%,57%,100%,100%,0%,基本合格,指标偏低但未见单项硬伤，建议人工抽查
68,老百姓认知的房地产不是真实世界,medium,72.0,1890,861,0.456,85%,57%,100%,0%,0%,中等：建议人工复核,指标偏低但未见单项硬伤，建议人工抽查
69,身体信号比K线图更值得盯紧,medium,85.9,2130,1429,0.671,94%,69%,83%,100%,0%,基本合格,指标偏低但未见单项硬伤，建议人工抽查
70,我们这代人正经历一场财富变革,medium,97.6,1015,965,0.951,100%,92%,100%,100%,0%,良好,
71,三四线城市房价评估公式：收入中位数与房价中位数之比,medium,39.0,1631,615,0.377,50%,38%,0%,0%,0%,差：建议重写,数字/年份保留率低（丢：三四十万）；核心关键词保留率偏低，可能漏掉主要案例/论证
72,2026年普通人搞钱逻辑转向求稳,medium,89.1,1660,1097,0.661,96%,81%,75%,100%,0%,基本合格,指标偏低但未见单项硬伤，建议人工抽查
73,我死前会把钱花完，不留给子女,medium,95.0,1007,748,0.743,100%,83%,100%,100%,0%,良好,
74,投资机会就在你熟悉的行业里,medium,85.4,1049,667,0.636,80%,74%,100%,100%,0%,基本合格,指标偏低但未见单项硬伤，建议人工抽查
75,财富积累的两次觉醒：从加杠杆到降杠杆,medium,86.8,1210,844,0.698,100%,72%,67%,100%,0%,基本合格,指标偏低但未见单项硬伤，建议人工抽查
76,散户的认知漏洞比市场波动更致命,medium,71.5,2347,1489,0.634,76%,55%,57%,100%,0%,中等：建议人工复核,指标偏低但未见单项硬伤，建议人工抽查
77,有现金流的负债是优质杠杆,medium,95.8,766,660,0.862,100%,86%,100%,100%,0%,良好,
78,分清故事与价值：炒房与投资的本质区别,medium,81.0,1810,883,0.488,87%,52%,100%,100%,0%,基本合格,指标偏低但未见单项硬伤，建议人工抽查
79,业主圈层正成为房价定价核心,medium,86.5,778,773,0.994,100%,80%,50%,100%,0%,基本合格,指标偏低但未见单项硬伤，建议人工抽查
80,垃圾资讯泛滥比市场波动更致命,medium,69.4,1570,828,0.527,90%,43%,100%,0%,0%,偏弱：建议人工复核或重写,指标偏低但未见单项硬伤，建议人工抽查
81,高波动率下不宜交易是老兵铁律,medium,90.4,1132,836,0.739,94%,75%,100%,100%,0%,良好,
82,所有决策必须基于自身条件,medium,80.4,689,509,0.739,69%,71%,100%,100%,0%,基本合格,指标偏低但未见单项硬伤，建议人工抽查
83,商业机会藏在二手咖啡机和街头细节里,medium,76.4,2104,1019,0.484,77%,48%,100%,100%,0%,中等：建议人工复核,指标偏低但未见单项硬伤，建议人工抽查
84,投资的第一要务是活得长,medium,99.8,1588,1546,0.974,100%,99%,100%,100%,0%,良好,
85,年轻人买房还是租房？关键在财务规划,medium,73.7,662,489,0.739,62%,56%,100%,100%,0%,中等：建议人工复核,指标偏低但未见单项硬伤，建议人工抽查
86,保本的本质是接受无风险利率的波动区间,medium,74.6,691,499,0.722,90%,60%,100%,0%,0%,中等：建议人工复核,指标偏低但未见单项硬伤，建议人工抽查
87,三四线房产投资的本质是圈层准入,medium,75.0,1106,816,0.738,75%,46%,100%,100%,0%,中等：建议人工复核,指标偏低但未见单项硬伤，建议人工抽查
88,技术无罪，用技术的人才有对错,medium,75.0,2069,1358,0.656,88%,81%,0%,100%,0%,中等：建议人工复核,数字/年份保留率低（丢：2029年）
89,房地产的底层逻辑：住是第一属性，投资需看租售比,medium,84.0,1542,1033,0.67,100%,68%,57%,100%,0%,基本合格,指标偏低但未见单项硬伤，建议人工抽查
90,贵人不是撞上的，是准备好了才接得住,medium,76.1,1820,828,0.455,75%,49%,100%,100%,0%,中等：建议人工复核,指标偏低但未见单项硬伤，建议人工抽查
91,生产力、生产关系与制度秩序的三重机遇,long,32.6,15634,1597,0.102,34%,17%,26%,38%,0%,差：建议重写,"数字/年份保留率低（丢：1516年, 1956年, 1980年, 1981年）；高频关键词大量丢失，核心论点可能被压掉"
92,资本本质是挣价差、利差、汇差,medium,79.3,888,702,0.791,80%,63%,100%,75%,0%,中等：建议人工复核,指标偏低但未见单项硬伤，建议人工抽查
93,年轻人要警惕消费主义对欲望的操控,medium,85.7,911,773,0.849,88%,66%,100%,100%,0%,基本合格,指标偏低但未见单项硬伤，建议人工抽查
94,娶妻重贤不重貌，家庭如公司需制度化管理,medium,86.2,1907,1085,0.569,95%,60%,100%,100%,0%,基本合格,指标偏低但未见单项硬伤，建议人工抽查
95,逆周期现金流才是财富真正的护城河,medium,77.1,2671,1012,0.379,77%,51%,100%,100%,0%,中等：建议人工复核,指标偏低但未见单项硬伤，建议人工抽查
96,股市真正的密码是全要素生产率,medium,59.1,2155,979,0.454,70%,46%,71%,0%,0%,偏弱：建议人工复核或重写,指标偏低但未见单项硬伤，建议人工抽查
97,千万净资产才是最舒服的财富阶段,medium,78.1,1231,672,0.546,77%,54%,100%,100%,0%,中等：建议人工复核,指标偏低但未见单项硬伤，建议人工抽查
98,普通人赚不了高波动性资产的钱,medium,73.1,1868,944,0.505,76%,52%,71%,100%,0%,中等：建议人工复核,指标偏低但未见单项硬伤，建议人工抽查
99,财富传承的本质是制度而非家族,medium,99.5,1114,1092,0.98,100%,98%,100%,100%,0%,良好,
100,中产没有消失，只是财富幻觉破灭了,medium,80.9,1125,686,0.61,100%,49%,75%,100%,0%,基本合格,指标偏低但未见单项硬伤，建议人工抽查
101,买车已不是身份投资，而是低效消费,medium,59.0,1698,749,0.441,46%,43%,67%,100%,0%,偏弱：建议人工复核或重写,核心关键词保留率偏低，可能漏掉主要案例/论证
102,短视频扭曲的财富观正在毒害年轻人,medium,66.4,1117,673,0.603,75%,50%,100%,0%,0%,偏弱：建议人工复核或重写,指标偏低但未见单项硬伤，建议人工抽查
103,AI正在实现教育平权,medium,86.2,787,493,0.626,100%,54%,100%,100%,0%,基本合格,指标偏低但未见单项硬伤，建议人工抽查
104,个体主义崛起是经济发展的必然结果,medium,82.0,1978,1174,0.594,89%,53%,100%,100%,0%,基本合格,指标偏低但未见单项硬伤，建议人工抽查
105,房价下跌并非人人受益,medium,96.2,1154,1004,0.87,100%,87%,100%,100%,0%,良好,
106,财富积累靠杠杆择时而非单纯努力,medium,86.5,1431,962,0.672,89%,68%,100%,100%,0%,基本合格,指标偏低但未见单项硬伤，建议人工抽查
107,年轻人首选南方上大学或留学,medium,89.8,406,406,1.0,100%,66%,100%,100%,0%,基本合格,指标偏低但未见单项硬伤，建议人工抽查
108,供给周期遇上有效需求萎缩,long,61.2,4768,1136,0.238,60%,33%,62%,100%,0%,压缩较重，核心观点需人工复核,指标偏低但未见单项硬伤，建议人工抽查
109,两代人的吃苦观与压力本质差异,long,53.6,4816,1074,0.223,45%,25%,100%,33%,0%,差：建议重写,指标偏低但未见单项硬伤，建议人工抽查
110,制度的第一生产力在于纠偏能力,long,75.5,3216,1019,0.317,71%,42%,100%,100%,0%,压缩较重，核心观点需人工复核,指标偏低但未见单项硬伤，建议人工抽查
111,特朗普二度执政与全球右翼化交易,long,39.7,21554,3630,0.168,50%,28%,33%,0%,0%,差：建议重写,"数字/年份保留率低（丢：1314年, 1819年, 2011年, 2012年）"
112,阿西莫格鲁与技术进步的社会不平等,long,50.9,4373,944,0.216,52%,25%,75%,24%,0%,差：建议重写,指标偏低但未见单项硬伤，建议人工抽查
113,《傻钱》背后的GameStop逼仓与社交媒体煽动,long,65.5,4443,1527,0.344,69%,33%,100%,31%,0%,压缩较重，核心观点需人工复核,指标偏低但未见单项硬伤，建议人工抽查
114,财政必须发力，但不能重回老路,long,28.4,20327,1515,0.075,34%,17%,15%,14%,0%,差：建议重写,"数字/年份保留率低（丢：1116年, 1978年, 1998年, 2002年）；高频关键词大量丢失，核心论点可能被压掉"
115,财富效应不等于纸面浮盈,long,67.8,3625,1301,0.359,83%,49%,55%,50%,0%,压缩较重，核心观点需人工复核,指标偏低但未见单项硬伤，建议人工抽查
116,经济与股市的关系本质是政策预期,long,32.6,21162,1623,0.077,34%,17%,21%,44%,0%,差：建议重写,"数字/年份保留率低（丢：1516年, 2%, 2000年, 2004年）；高频关键词大量丢失，核心论点可能被压掉"
117,房屋持有成本正在显性化,long,81.8,3607,1427,0.396,80%,55%,100%,100%,0%,基本合格,指标偏低但未见单项硬伤，建议人工抽查
118,房价涨跌都抑制消费？关键在财富分配比例,long,52.8,4320,1168,0.27,62%,33%,33%,67%,0%,差：建议重写,"数字/年份保留率低（丢：一千六百万, 一百六十万, 八十万, 八百万）"
119,黑神话悟空背后的中国游戏土壤变化,long,48.0,5093,1574,0.309,66%,38%,0%,57%,0%,差：建议重写,数字/年份保留率低（丢：五六十万）
120,《逆行人生》里的中年危机与内卷现实,long,72.2,3095,1139,0.368,64%,42%,100%,100%,0%,压缩较重，核心观点需人工复核,指标偏低但未见单项硬伤，建议人工抽查
121,《逆行人生》中的技术内卷与底层互害,long,57.8,3604,1060,0.294,74%,48%,0%,100%,0%,偏弱：建议人工复核或重写,数字/年份保留率低（丢：1990年）
122,《逆行人生》的幻象与现实,long,71.8,3396,1041,0.307,63%,41%,100%,100%,0%,压缩较重，核心观点需人工复核,指标偏低但未见单项硬伤，建议人工抽查
123,芳村茶叶再爆雷：庞氏骗局下的赌徒与帮凶,long,68.0,4563,2055,0.45,84%,59%,67%,0%,0%,压缩较重，核心观点需人工复核,指标偏低但未见单项硬伤，建议人工抽查
124,小马宝莉卡牌争议：成人博彩玩法侵入未成年人市场,long,81.7,4724,2066,0.437,79%,57%,100%,100%,0%,基本合格,指标偏低但未见单项硬伤，建议人工抽查
125,付鹏重返越南：打破炒房迷思，洞察制造业转移与文化变迁,long,50.1,6907,2242,0.325,57%,36%,40%,40%,0%,差：建议重写,"数字/年份保留率低（丢：2004年, 2014年, 506年）"
126,大型体育赛事关注度下降的社会与经济根源,medium,74.5,2115,1133,0.536,67%,54%,100%,100%,0%,中等：建议人工复核,指标偏低但未见单项硬伤，建议人工抽查
127,警惕社交媒体上重出江湖的杀猪盘与黑平台对赌陷阱,medium,84.8,983,916,0.932,92%,84%,50%,100%,0%,基本合格,指标偏低但未见单项硬伤，建议人工抽查
128,网约车调研实录：从商务车到特惠单的经济温差,long,66.8,3370,1355,0.402,73%,45%,100%,0%,0%,压缩较重，核心观点需人工复核,指标偏低但未见单项硬伤，建议人工抽查
129,产能过剩的根本逻辑：国家主义大于市场经济,medium,97.1,843,1104,1.31,100%,90%,100%,100%,0%,良好,
130,存量经济下的商业法则：精细化管理与服务内卷,medium,89.6,1577,1272,0.807,95%,71%,100%,100%,0%,基本合格,指标偏低但未见单项硬伤，建议人工抽查
131,从左右翼意识形态看无人驾驶网约车的争议与平衡,long,87.1,5851,2175,0.372,87%,64%,100%,100%,0%,基本合格,指标偏低但未见单项硬伤，建议人工抽查
132,技术下沉服务业需谨慎：无人驾驶对当前就业生态的冲击,medium,93.8,1718,1241,0.722,96%,84%,100%,100%,0%,良好,
133,个体应对长周期：保现金流、降杠杆与心理减压,medium,97.1,1514,1297,0.857,100%,90%,100%,100%,0%,良好,
134,无人驾驶商业骗局：披着科技外衣的金融收割,medium,85.4,1233,1133,0.919,86%,68%,100%,100%,0%,基本合格,指标偏低但未见单项硬伤，建议人工抽查
135,618狂欢退潮：消费理性回归与降本增效的恶性循环,medium,96.6,1338,1142,0.854,100%,89%,100%,100%,0%,良好,
136,房产思维切换：从升值预期回归租售比与性价比,medium,75.7,2529,1325,0.524,90%,64%,33%,100%,0%,中等：建议人工复核,"数字/年份保留率低（丢：四五十万, 四十万五十万）"
137,警惕互联网烧钱模式在制造业通缩环境下的连锁风险,long,78.4,5785,2361,0.408,87%,63%,100%,17%,0%,压缩较重，核心观点需人工复核,指标偏低但未见单项硬伤，建议人工抽查
138,共享员工背后的存量博弈与三代就业挤压,medium,85.4,1720,1263,0.734,96%,73%,100%,50%,0%,基本合格,指标偏低但未见单项硬伤，建议人工抽查
139,名义收入及预期才是决定风险偏好的关键,long,53.6,4450,2042,0.459,85%,52%,0%,0%,0%,差：建议重写,数字/年份保留率低（丢：2034年）
140,内卷时代的戾气：同是天涯沦落人，何苦互相为难,medium,70.0,1800,1082,0.601,78%,59%,100%,0%,0%,中等：建议人工复核,指标偏低但未见单项硬伤，建议人工抽查
141,付鹏：金融去杠杆周期下，未来十年未必是择业最优解,long,89.1,3965,2291,0.578,91%,77%,89%,100%,0%,基本合格,指标偏低但未见单项硬伤，建议人工抽查
142,内卷越过边际：企业居民恶性循环与破局之道,long,62.6,4590,2065,0.45,84%,66%,33%,0%,0%,压缩较重，核心观点需人工复核,"数字/年份保留率低（丢：1990年, 2029年）"
143,付鹏：非法集资的本质是贪念，高息背后盯着的是你的本金,medium,96.4,1237,988,0.799,100%,88%,100%,100%,0%,良好,
144,论信用风险：股权本质是超前债务的违约风险,long,64.5,4738,2112,0.446,88%,68%,33%,0%,0%,压缩较重，核心观点需人工复核,"数字/年份保留率低（丢：2008年, 2014年）"
145,互联网大厂裁员与服务业内卷：从降本增效到收入下降的传导,medium,76.4,2401,1258,0.524,94%,62%,100%,0%,0%,中等：建议人工复核,指标偏低但未见单项硬伤，建议人工抽查
146,去杠杆周期下，不炒房也不炒股：风险偏好收缩与现金流回归,medium,86.8,1619,1004,0.62,95%,70%,83%,100%,0%,基本合格,指标偏低但未见单项硬伤，建议人工抽查
147,日本大学生98.1%就职率背后的劳动力结构变迁,medium,67.5,2419,1385,0.573,88%,57%,64%,0%,0%,偏弱：建议人工复核或重写,指标偏低但未见单项硬伤，建议人工抽查
148,日本大学生就职率回升背后的代际更替与储蓄逻辑,long,84.0,4395,2236,0.509,86%,63%,88%,100%,0%,基本合格,指标偏低但未见单项硬伤，建议人工抽查
149,GDP总量增长与个人体感背离的根源在于分配,medium,94.7,1130,1090,0.965,95%,88%,100%,100%,0%,良好,
150,中国养老三层体系的结构性失衡与底层现实,long,61.1,4425,1987,0.449,87%,52%,33%,0%,0%,压缩较重，核心观点需人工复核,"数字/年份保留率低（丢：七八亿, 三千万）"
151,反思互联网“不赚钱交朋友”思维对出版业的破坏,long,54.5,5881,2076,0.353,78%,48%,25%,0%,0%,差：建议重写,"数字/年份保留率低（丢：5%, 三十万, 三千万, 二十万）"
152,揭秘非法荐股骗局：利用概率筛选与散户盲从心理,medium,89.0,1223,1109,0.907,89%,76%,100%,100%,0%,基本合格,指标偏低但未见单项硬伤，建议人工抽查
153,居民部门三不贷：老存中还少悟，政策刺激难改风险偏好收缩,medium,77.2,1885,1361,0.722,90%,66%,40%,100%,0%,中等：建议人工复核,"数字/年份保留率低（丢：2009年, 三百万, 六十万）"
154,付鹏：财产性收入消退，消费回归劳动收入与极致性价比,medium,94.1,868,977,1.126,100%,80%,100%,100%,0%,良好,
155,探访成都觅山：从发酵车间到田间地头的青梅酒溯源,medium,86.7,1198,1032,0.861,100%,56%,100%,100%,0%,基本合格,指标偏低但未见单项硬伤，建议人工抽查
156,付鹏回应AI歪曲报道：高铁涨价本质是税收，绿皮车不可取消,medium,95.4,1121,1234,1.101,100%,85%,100%,100%,0%,良好,
157,付鹏探访四川青梅酒厂及牛熊联名款发布预告,short,92.0,244,943,3.865,100%,88%,100%,100%,0%,良好,生成文章明显膨胀（3.9x），检查是否注水
158,付鹏解析巴菲特投资逻辑：回避早期不确定性而非排斥科技,medium,95.0,366,1089,2.975,100%,85%,100%,100%,0%,良好,
159,高铁票价上浮背后的财政逻辑与绿皮车的必要性,medium,94.2,1622,1152,0.71,100%,81%,100%,100%,0%,良好,
160,付鹏推荐觅山与华尔街见闻联名牛熊青梅酒,medium,98.3,957,1095,1.144,100%,94%,100%,100%,0%,良好,
161,人到中年必须提前规划职业转型，拒绝无准备之仗,medium,94.9,1515,1287,0.85,100%,83%,100%,100%,0%,良好,
162,付鹏澄清热搜误会：退网者非本人，调侃愿与李佳琦连麦,short,34.0,184,1113,6.049,100%,94%,100%,100%,100%,高危：建议重写,【虚构风险】短稿被大幅扩写，新增大量原稿外内容；生成文章明显膨胀（6.0x），检查是否注水
163,未来就业选择：技术壁垒、冷门行业与跨界组合,medium,95.5,609,1040,1.708,100%,85%,100%,100%,0%,良好,
164,金融让利于实体：行业萎缩与转型的必然趋势,medium,95.0,648,966,1.491,100%,83%,100%,100%,0%,良好,
165,理科教育沦为应试工具，应用学科落后世界七十年,medium,98.8,735,1141,1.552,100%,96%,100%,100%,0%,良好,
166,付鹏：拒绝碎片化信息，通过系统性阅读构建金融世界观,medium,96.3,1101,1084,0.985,100%,88%,100%,100%,0%,良好,
167,实体金店的商业逻辑：存货、周转与高杠杆对赌,long,79.7,5484,2601,0.474,91%,68%,50%,100%,0%,压缩较重，核心观点需人工复核,指标偏低但未见单项硬伤，建议人工抽查
168,鸡娃内卷的本质：商业暗示与代际焦虑推高养育成本,medium,90.9,891,1115,1.251,100%,70%,100%,100%,0%,良好,
169,留住那些疯狂的机械记忆，那是我们终将逝去的青春,short,27.8,89,1183,13.292,83%,83%,100%,100%,100%,高危：建议重写,【虚构风险】短稿被大幅扩写，新增大量原稿外内容；生成文章明显膨胀（13.3x），检查是否注水
170,储值卡本质是高息揽储加杠杆的金融游戏,medium,73.2,1004,1436,1.43,88%,75%,0%,100%,0%,中等：建议人工复核,数字/年份保留率低（丢：204%）
171,收税权逻辑：从牛夫人到小甜甜的公用事业资产重估,medium,95.0,1045,1144,1.095,100%,83%,100%,100%,0%,良好,
172,上游涨价下游通缩：内卷价格战蚕食生产利润,medium,92.1,963,1009,1.048,89%,87%,100%,100%,0%,良好,
173,探访苏州东山：揭秘正宗洞庭碧螺春的产地与工艺真相,medium,84.0,2107,1393,0.661,87%,62%,100%,100%,0%,基本合格,指标偏低但未见单项硬伤，建议人工抽查
174,消费者不存在认知误区：消费收缩根因在于收入与分配,medium,90.9,1188,1132,0.953,100%,70%,100%,100%,0%,良好,
175,汇率波动下，本币计价资产才是老百姓财富的关键,medium,89.8,1151,1119,0.972,88%,80%,100%,100%,0%,基本合格,指标偏低但未见单项硬伤，建议人工抽查
176,港人北上消费背后的汇率差与香港商业衰退,medium,82.8,1208,884,0.732,79%,67%,100%,100%,0%,基本合格,指标偏低但未见单项硬伤，建议人工抽查
177,经济增速放缓下的婚恋观：从远期投资转向当期兑现,medium,93.1,633,989,1.562,90%,89%,100%,100%,0%,良好,
178,付鹏推荐DK《货币金融百科》与《经济学百科》,medium,93.8,769,1118,1.454,100%,79%,100%,100%,0%,良好,
179,付鹏：建议提前退休以激活消费循环，反对单纯延后退休,medium,96.5,563,1018,1.808,100%,88%,100%,100%,0%,良好,
180,储蓄增长与储蓄率下降背后的代际分配真相,medium,94.7,597,1044,1.749,100%,82%,100%,100%,0%,良好,
181,中年危机本质是财务规划：从年轻博弈到中年守成的策略转换,medium,94.1,1351,1171,0.867,100%,80%,100%,100%,0%,良好,
182,中年危机本质：职场安乐窝的幻象与应对策略,medium,89.3,1644,1116,0.679,90%,77%,100%,100%,0%,基本合格,指标偏低但未见单项硬伤，建议人工抽查
183,风险偏好决定消费逻辑：从供给主导转向需求主导,medium,94.1,1301,1093,0.84,96%,86%,100%,100%,0%,良好,
184,新车五至十万价格战引发二手崩盘与消费观望,medium,91.5,878,1023,1.165,90%,83%,100%,100%,0%,良好,
185,核心房产政策挤牙膏式松绑，高杠杆风险偏好时代已终结,medium,89.0,712,931,1.308,83%,83%,100%,100%,0%,基本合格,指标偏低但未见单项硬伤，建议人工抽查
186,从“不留债务给后人”到“不留后人留债务”的代际价值观剧变,medium,93.2,495,1125,2.273,93%,85%,100%,100%,0%,良好,
187,付鹏：老龄化下的医疗养老准备与综合金融体验,medium,70.4,2343,1081,0.461,89%,64%,0%,100%,0%,中等：建议人工复核,"数字/年份保留率低（丢：205%, 三二亿, 八九亿）"
188,人生最难的不是选择而是舍不得，放下执念方能重生,medium,98.3,460,963,2.093,100%,94%,100%,100%,0%,良好,
189,灵活就业者断缴社保潮背后的经济账与无奈,medium,86.7,2074,1300,0.627,94%,63%,100%,100%,0%,基本合格,指标偏低但未见单项硬伤，建议人工抽查
190,恒大造假与做空机构：天使恶魔一体，市场需容忍屠龙者,long,64.8,5122,1966,0.384,66%,45%,100%,13%,0%,压缩较重，核心观点需人工复核,指标偏低但未见单项硬伤，建议人工抽查
191,延迟退休的阶层博弈：岗位重叠与收支困境,medium,95.7,810,1086,1.341,100%,86%,100%,100%,0%,良好,
192,网约车异味背后的生存逻辑：内卷下的“现代骆驼祥子”,long,93.1,3672,2009,0.547,95%,76%,100%,100%,0%,良好,
193,燕郊高位接盘者现状：负资产下的咬牙坚持与断供抉择,medium,95.7,1012,1074,1.061,100%,86%,100%,100%,0%,良好,
194,燕郊负资产群体的双面人生：白天白领夜间司机,medium,98.7,959,1195,1.246,100%,96%,100%,100%,0%,良好,
195,315食品安全乱象的根源：恶性价格战与劣币驱逐良币,medium,84.0,1429,1109,0.776,96%,76%,50%,100%,0%,基本合格,指标偏低但未见单项硬伤，建议人工抽查
196,房地产泡沫周期：风险偏好扩张与收缩的底层逻辑,long,62.2,5586,2145,0.384,68%,46%,36%,100%,0%,压缩较重，核心观点需人工复核,"数字/年份保留率低（丢：1994年, 1995年, 2030%, 9293年）"
197,投资本质是反人性的：克制贪婪与追求理性逻辑,medium,92.7,750,1102,1.469,92%,85%,100%,100%,0%,良好,
198,户籍制度难取消的根源：公共资源分配失衡与地方利益壁垒,medium,96.6,523,1053,2.013,100%,89%,100%,100%,0%,良好,
199,年轻人应避开传统赛道内卷，拥抱AI等新技术浪潮,medium,95.3,468,1022,2.184,100%,84%,100%,100%,0%,良好,
200,经济增量不足与结构性错配：大学生就业困境的深层逻辑,medium,97.1,616,1114,1.808,100%,90%,100%,100%,0%,良好,
201,年轻人热衷考公考编是理性选择而非逃避奋斗,short,92.9,285,920,3.228,100%,82%,100%,100%,0%,良好,
202,县城婆罗门：关系网固化与内卷化的阶层真相,medium,93.4,522,917,1.757,100%,78%,100%,100%,0%,良好,
203,北京高成本下的消费外流与东北性价比,short,90.3,254,953,3.752,100%,81%,100%,100%,0%,良好,生成文章明显膨胀（3.8x），检查是否注水
204,付鹏：实体内卷与风险偏好收缩下的资产逻辑,long,84.8,4626,2175,0.47,91%,70%,75%,100%,0%,基本合格,指标偏低但未见单项硬伤，建议人工抽查
205,付鹏：为何今年GDP目标定为5%及背后的经济逻辑,medium,94.5,579,1039,1.794,100%,98%,67%,100%,0%,良好,
206,付鹏：风险偏好视角下的中国股市三层资产逻辑,long,88.9,4577,1996,0.436,91%,65%,100%,100%,0%,基本合格,指标偏低但未见单项硬伤，建议人工抽查
207,付鹏：总量制约下风险偏好下降与资产逻辑重构,long,74.3,4837,3463,0.716,87%,76%,75%,0%,0%,压缩较重，核心观点需人工复核,指标偏低但未见单项硬伤，建议人工抽查
208,珠海交通格局重塑：机场快线与深中通道的经济意义,medium,93.9,461,1021,2.215,100%,80%,100%,100%,0%,良好,
209,春节消费观察：院线微弱复苏与商家全员在岗,medium,85.9,792,969,1.223,83%,73%,100%,100%,0%,基本合格,指标偏低但未见单项硬伤，建议人工抽查
210,春节气候反常与错峰出行的理性选择,medium,95.6,395,1014,2.567,100%,86%,100%,100%,0%,良好,
211,开年汽车价格战：比亚迪打响第一枪与高合倒闭的行业启示,medium,96.2,2454,1751,0.714,100%,92%,90%,100%,0%,良好,
212,新能源车价格战本质：传统制造业的产能过剩与出清,medium,88.3,2537,1425,0.562,97%,84%,60%,100%,0%,基本合格,指标偏低但未见单项硬伤，建议人工抽查
213,春节微观观察：不得瑟背后的真实经济反应,long,92.7,3536,1836,0.519,95%,76%,100%,100%,0%,良好,
214,日本改革深层逻辑：公司治理重塑与内生循环的共振,long,85.6,5346,2629,0.492,92%,74%,71%,100%,0%,基本合格,指标偏低但未见单项硬伤，建议人工抽查
215,日本股市上涨的三重共振逻辑与微观改革,medium,92.4,2725,1541,0.566,100%,75%,100%,100%,0%,良好,
216,日本股市新高背后的三层维度共振逻辑,long,95.8,3352,2160,0.644,96%,87%,100%,100%,0%,良好,
217,付鹏：企业债务风险根源在投资端而非融资端,long,89.4,3067,1340,0.437,92%,66%,100%,100%,0%,基本合格,指标偏低但未见单项硬伤，建议人工抽查
218,私营企业融资难的本质：信用缺失与高速发展的代价,medium,95.2,2014,1344,0.667,100%,84%,100%,100%,0%,良好,
219,付鹏：股权融资错配引发的变相债务危机,medium,92.3,1628,1199,0.736,96%,79%,100%,100%,0%,良好,
220,付鹏：中国经济转型的阳谋与人性现实,medium,87.7,2509,1355,0.54,97%,88%,50%,100%,0%,基本合格,指标偏低但未见单项硬伤，建议人工抽查
221,付鹏：高估值下的企业家困境与内外宏观变局,medium,82.3,1924,1020,0.53,90%,62%,83%,100%,0%,基本合格,指标偏低但未见单项硬伤，建议人工抽查
222,付鹏：IPO激增与资金错配下的股市困局,long,86.8,3478,2204,0.634,84%,69%,100%,100%,0%,基本合格,指标偏低但未见单项硬伤，建议人工抽查
223,拜仁凯恩与苏翊鸣的龙年新春祝福,medium,96.3,547,1424,2.603,100%,92%,100%,89%,0%,良好,
224,付鹏：春节人流不代表经济好坏，民间调研需看消费细节,medium,94.7,1890,1334,0.706,95%,88%,100%,100%,0%,良好,
225,民营企业家传承困境：二代不愿接班与治理缺失下的套现逻辑,medium,84.1,2978,1282,0.43,86%,63%,100%,100%,0%,基本合格,指标偏低但未见单项硬伤，建议人工抽查
226,新年老友聚会，推荐这款纯发酵的觅山青梅酒,short,34.8,196,1011,5.158,100%,89%,100%,100%,100%,高危：建议重写,【虚构风险】短稿被大幅扩写，新增大量原稿外内容；生成文章明显膨胀（5.2x），检查是否注水
227,付鹏推荐低糖青梅酒：糖尿病人的微醺选择,medium,99.9,371,953,2.569,100%,100%,100%,100%,0%,良好,
228,付鹏：除夕夜相约，共话远方来客与新春祝福,short,32.0,37,931,25.162,100%,100%,100%,100%,100%,高危：建议重写,【虚构风险】短稿被大幅扩写，新增大量原稿外内容；生成文章明显膨胀（25.2x），检查是否注水
229,人民币升值逻辑下核心资产的杠杆效应与对冲,medium,94.8,960,981,1.022,100%,95%,75%,100%,0%,良好,
230,核心区域取消限购：富人如何利用负债端收益进行套息交易,long,87.2,3743,2205,0.589,94%,80%,70%,100%,0%,基本合格,指标偏低但未见单项硬伤，建议人工抽查
231,瑞达里奥三部曲阅读顺序：从原则到债务危机,medium,96.9,1057,1049,0.992,100%,90%,100%,100%,0%,良好,
232,瑞达里奥《原则2》：大国兴衰周期与债务危机转折,medium,96.9,404,877,2.171,100%,90%,100%,100%,0%,良好,
233,瑞达里奥三部曲阅读顺序：先读《原则》上半部,medium,99.2,592,973,1.644,100%,97%,100%,100%,0%,良好,
234,付鹏：碎片化信息让人迷失，纸质阅读重塑独立思考,short,96.7,273,859,3.147,100%,92%,100%,100%,0%,良好,
235,日本劳动力缺口与结构变迁：从内卷到外劳引入,long,72.8,3670,1923,0.524,97%,73%,48%,0%,0%,压缩较重，核心观点需人工复核,"数字/年份保留率低（丢：1994年, 一百八十二万, 五百六十万, 五百六十万亿）"
236,日本失去的一代：劳动力重叠与结构性失业,medium,72.5,2294,1167,0.509,88%,69%,75%,0%,0%,中等：建议人工复核,指标偏低但未见单项硬伤，建议人工抽查
237,日本年轻人失业率背后的劳动力结构变迁,medium,80.0,2587,1656,0.64,95%,76%,60%,50%,0%,基本合格,指标偏低但未见单项硬伤，建议人工抽查
238,SEC批准比特币ETF：去中心化梦想的终结与黑白分明的监管,long,66.7,5979,2106,0.352,92%,57%,0%,88%,0%,压缩较重，核心观点需人工复核,"数字/年份保留率低（丢：2%, 80%）"
239,从失衡到逆潮：见证全球四十年变局与未来启示,medium,96.2,1035,826,0.798,100%,87%,100%,100%,0%,良好,
240,低欲望社会下的供需重构：从日本经验看中国消费转型,long,94.8,3608,2171,0.602,96%,83%,100%,100%,0%,良好,
241,供给与需求的博弈：从短缺到过剩的消费逻辑演变,long,93.0,3359,1761,0.524,94%,79%,100%,100%,0%,良好,
242,付鹏新书《见证逆潮》：构建基于交易员视角的经济世界观,medium,99.9,1372,1374,1.001,100%,100%,100%,100%,0%,良好,
243,从性价比到低欲望：消费转型的中间环节与警示,long,87.9,4266,2999,0.703,98%,93%,100%,0%,0%,基本合格,指标偏低但未见单项硬伤，建议人工抽查
244,内债不是债的完整逻辑：只要人还在,medium,86.2,2302,1872,0.813,95%,94%,100%,0%,0%,基本合格,指标偏低但未见单项硬伤，建议人工抽查
245,内债本质是对居民部门收税：企业、金融与政府的债务逻辑,long,86.6,3541,2671,0.754,100%,83%,100%,0%,0%,基本合格,指标偏低但未见单项硬伤，建议人工抽查
246,论债务：贸易与资本构成的对外“收税权”,medium,75.1,2457,1449,0.59,87%,65%,100%,0%,0%,中等：建议人工复核,指标偏低但未见单项硬伤，建议人工抽查
247,人口年龄结构变迁与社会整体风险偏好的下降,long,92.5,4222,3780,0.895,100%,97%,76%,80%,0%,良好,
248,人口老龄化与债务驱动投资的失效逻辑,medium,78.6,2412,1796,0.745,100%,87%,50%,0%,0%,中等：建议人工复核,指标偏低但未见单项硬伤，建议人工抽查
249,开发商流动性危机的本质：居民部门承受力的长期转折,medium,75.1,2562,1425,0.556,90%,63%,100%,0%,0%,中等：建议人工复核,指标偏低但未见单项硬伤，建议人工抽查
250,付鹏：中国资产定价逻辑与人口债务周期下的结构性机会,long,49.6,17183,2994,0.174,60%,34%,33%,40%,0%,差：建议重写,"数字/年份保留率低（丢：1990年, 1992年, 1997年, 1998年）"
251,城镇化率背后的双重逻辑：年轻增长与老龄化收缩,long,93.7,4171,2259,0.542,96%,78%,100%,100%,0%,良好,
252,2024展望：中国经济的分子与美国利率的分母,medium,90.4,2935,1678,0.572,98%,80%,80%,100%,0%,良好,
253,野比大雄的1993：日本并未失去，只是选择了出海,long,76.9,5121,2383,0.465,85%,60%,59%,100%,0%,压缩较重，核心观点需人工复核,指标偏低但未见单项硬伤，建议人工抽查
254,男性消费超狗的背后：宠物市场放缓与中产女性收入预期调整,medium,79.9,2551,1244,0.488,84%,63%,78%,100%,0%,中等：建议人工复核,指标偏低但未见单项硬伤，建议人工抽查
255,微剧行业：AI降本增效与爽文心理的流量变现,long,80.5,4343,2184,0.503,93%,72%,60%,71%,0%,基本合格,指标偏低但未见单项硬伤，建议人工抽查
256,神仙居的流量密码：金融活水如何激活乡村文旅,long,91.5,3483,1974,0.567,93%,73%,100%,100%,0%,良好,
257,特殊商品出厂价上调背后的金融逻辑与债务周期风险,long,83.2,4346,1948,0.448,79%,63%,100%,100%,0%,基本合格,指标偏低但未见单项硬伤，建议人工抽查
258,《完蛋！我被美女包围了》火爆背后的现实逃避产业逻辑,medium,77.8,2400,1350,0.562,100%,72%,25%,75%,0%,中等：建议人工复核,"数字/年份保留率低（丢：1990年, 1992年, 1995年）"
259,金融世界的“笋盘”逻辑：流动性危机下的资产定价,medium,91.4,1694,1347,0.795,92%,81%,100%,100%,0%,良好,
260,中国财富黄金一代的形成逻辑与代际资产偏好变迁,medium,100.0,2029,2027,0.999,100%,100%,100%,100%,0%,良好,
261,财富固化与年龄错配：为何有钱人不投，想投的人没钱,medium,81.6,2718,1440,0.53,84%,65%,83%,100%,0%,基本合格,指标偏低但未见单项硬伤，建议人工抽查
262,金融视角下的“便宜”：无风险套利才是唯一标准,medium,69.4,2972,1233,0.415,89%,61%,0%,100%,0%,偏弱：建议人工复核或重写,数字/年份保留率低（丢：十二万）
263,大学前后的冰火两重天：就业错配与教育焦虑,long,80.4,6206,2191,0.353,74%,60%,100%,100%,0%,基本合格,指标偏低但未见单项硬伤，建议人工抽查
264,人口负增长根因：95后不婚不育的主观选择与劳动力收缩,long,89.8,5882,3240,0.551,100%,86%,64%,100%,0%,基本合格,指标偏低但未见单项硬伤，建议人工抽查
265,95后不婚不育真相：自我满足优先与千万育儿成本的现实考量,long,62.6,7222,2264,0.313,72%,43%,33%,100%,0%,压缩较重，核心观点需人工复核,"数字/年份保留率低（丢：903%, 一百万）"
266,90后不婚不育真相：恋爱像耍朋友，结婚即责任,long,69.9,5691,2040,0.358,72%,46%,67%,100%,0%,压缩较重，核心观点需人工复核,指标偏低但未见单项硬伤，建议人工抽查
267,日本经济转型的隐患：服务业局限与房地产泡沫的两次破裂,long,74.6,8971,2166,0.241,84%,48%,61%,100%,0%,压缩较重，核心观点需人工复核,指标偏低但未见单项硬伤，建议人工抽查
268,日本1960-1980年代经济转型路径与对中国的启示,long,84.5,6875,2879,0.419,90%,73%,71%,100%,0%,基本合格,指标偏低但未见单项硬伤，建议人工抽查
269,股票无法替代房地产成为居民财富效应载体,medium,83.1,1476,1049,0.711,100%,94%,0%,100%,0%,基本合格,数字/年份保留率低（丢：1990年）
270,扩大内需需修养生息，切莫再次拔苗助长,medium,96.5,829,996,1.201,100%,88%,100%,100%,0%,良好,
271,房地产预期转弱后，消费回归收入基本面,medium,94.9,1251,1001,0.8,95%,89%,100%,100%,0%,良好,
272,中国消费预期下滑的根源：房产蓄水池失效与收入预期疲软,medium,93.8,1027,1139,1.109,100%,80%,100%,100%,0%,良好,
273,扩大内需需休养生息，切莫再次拔苗助长,medium,93.7,1394,856,0.614,100%,79%,100%,100%,0%,良好,
274,扩大内需需休养生息，切莫再次拔苗助长,medium,96.7,1165,1040,0.893,100%,89%,100%,100%,0%,良好,
275,疫情后消费分化：富人无碍，中产回血，底层转向储蓄,medium,96.6,816,940,1.152,100%,89%,100%,100%,0%,良好,
276,后疫情时代消费分化：富人释放需求，大众修复预期,medium,97.0,1422,990,0.696,100%,90%,100%,100%,0%,良好,
277,后疫情时代中国居民消费行为的短期释放与长期惯性,medium,91.9,673,1026,1.525,100%,73%,100%,100%,0%,良好,
278,高波动率时代终结：游戏驿站与虚拟货币的终局逻辑,medium,96.1,1404,1103,0.786,100%,87%,100%,100%,0%,良好,
279,游戏驿站背后的代际冲突与资本收割,medium,84.3,1269,1126,0.887,100%,98%,0%,100%,0%,基本合格,数字/年份保留率低（丢：2008年）
280,游戏驿站与虚拟货币：金融市场没有新鲜事,medium,91.0,1311,1011,0.771,93%,78%,100%,100%,0%,良好,
281,马斯克收购推特的终极目的：构建虚拟世界的罗马帝国,medium,99.8,1493,1467,0.983,100%,99%,100%,100%,0%,良好,
282,虚拟与现实的社会构成及Twitter的全球化意识,medium,94.2,1206,1048,0.869,100%,81%,100%,100%,0%,良好,
283,马斯克收购推特的终极目的：构建全球意识平台,medium,84.0,1300,1029,0.792,94%,76%,100%,33%,0%,基本合格,指标偏低但未见单项硬伤，建议人工抽查
284,全球流动性紧缩下的加密货币挤兑风险与逻辑推演,medium,98.9,1450,1330,0.917,100%,96%,100%,100%,0%,良好,
285,稳定币机制与97年亚洲金融危机的逻辑同构,medium,95.1,1277,1068,0.836,95%,90%,100%,100%,0%,良好,
286,加密货币需经历崩盘降波，方能成为虚拟世界储备资产,medium,88.6,1550,1061,0.685,88%,76%,100%,100%,0%,基本合格,指标偏低但未见单项硬伤，建议人工抽查
287,从19世纪美国银行券到现代货币体系的演变逻辑,medium,85.5,1077,988,0.917,100%,85%,33%,100%,0%,基本合格,"数字/年份保留率低（丢：八千亿, 四百亿）"
288,与00后聊加密货币：重述19世纪美国货币史,medium,89.6,1305,1039,0.796,100%,65%,100%,100%,0%,基本合格,指标偏低但未见单项硬伤，建议人工抽查
289,加密货币本质仍是受流动性冲击的金融资产,medium,78.2,1111,850,0.765,100%,77%,0%,100%,0%,中等：建议人工复核,数字/年份保留率低（丢：2000年）
290,流媒体变迁：从录像带到在线点播的技术演进,medium,72.9,1655,1016,0.614,73%,61%,60%,100%,0%,中等：建议人工复核,指标偏低但未见单项硬伤，建议人工抽查
291,流媒体十年兴衰：从大屏付费到小屏白嫖,medium,95.5,1877,1262,0.672,100%,85%,100%,100%,0%,良好,
292,流媒体红利消退：内容困境与载体变迁,medium,90.5,1760,1258,0.715,100%,68%,100%,100%,0%,良好,
293,统一大市场：破除地方保护与制度壁垒,medium,95.6,1413,1225,0.867,94%,92%,100%,100%,0%,良好,
294,统一大市场下的区域分工困境与隐性壁垒,medium,91.6,1235,1167,0.945,92%,81%,100%,100%,0%,良好,
295,统一大市场的核心难点：打破地方保护与利益调和,medium,93.8,1356,1004,0.74,92%,88%,100%,100%,0%,良好,
296,统一大市场的理想与现实：以欧洲一体化为例,medium,97.0,1138,974,0.856,100%,90%,100%,100%,0%,良好,
297,欧洲统一大市场：消除内部摩擦与提升竞争力的路径,medium,76.5,1078,1058,0.981,89%,85%,0%,100%,0%,中等：建议人工复核,数字/年份保留率低（丢：9293年）
298,统一大市场的代价：欧洲财政分裂与主权困境,medium,97.7,780,914,1.172,100%,92%,100%,100%,0%,良好,
299,用叠叠乐演示系统稳定性与风险的本质区别,medium,79.5,1535,1071,0.698,94%,71%,100%,0%,0%,中等：建议人工复核,指标偏低但未见单项硬伤，建议人工抽查
300,用叠叠乐演示金融系统的稳定性与风险博弈,medium,96.1,1301,1112,0.855,100%,87%,100%,100%,0%,良好,
301,用“叠叠乐”解析市场稳定性与系统性风险,medium,98.8,1210,1091,0.902,100%,96%,100%,100%,0%,良好,
302,房地产泡沫破裂后，高杠杆炒房客与普通自住者的不同结局,medium,92.6,1427,1033,0.724,100%,86%,80%,100%,0%,良好,
303,避免法拍：普通人的债务应对与房贷选择,medium,81.4,1918,965,0.503,90%,67%,67%,100%,0%,基本合格,指标偏低但未见单项硬伤，建议人工抽查
304,经济下行期居民需控制杠杆并管理现金流,medium,91.4,1231,1202,0.976,90%,83%,100%,100%,0%,良好,
305,法拍房激增并非断供潮：解析法拍来源与银行坏账逻辑,medium,88.3,1138,994,0.873,88%,76%,100%,100%,0%,基本合格,指标偏低但未见单项硬伤，建议人工抽查
306,法拍房激增的真相：三十万对三亿，比例其实很小,medium,84.9,896,884,0.987,86%,91%,50%,100%,0%,基本合格,指标偏低但未见单项硬伤，建议人工抽查
307,法拍房数据激增的两大成因：互联网透明化与经济放缓,medium,98.3,1277,970,0.76,100%,94%,100%,100%,0%,良好,
308,电动车不等于新能源车：能源来源决定清洁属性,medium,87.6,713,1035,1.452,100%,92%,100%,0%,0%,基本合格,指标偏低但未见单项硬伤，建议人工抽查
309,中国新能源车发展逻辑：先有需求端，再倒逼产业链配套,medium,99.7,939,924,0.984,100%,99%,100%,100%,0%,良好,
310,新能源车下乡需警惕：基建未动，莫让农民为高折损买单,medium,91.1,935,997,1.066,92%,80%,100%,100%,0%,良好,
311,网上吹哨揭露骗局，为何反而招致辱骂,medium,80.6,1889,1311,0.694,94%,76%,100%,0%,0%,基本合格,指标偏低但未见单项硬伤，建议人工抽查
312,俄乌冲突重塑欧美能源格局与欧洲政治现实,medium,95.2,961,985,1.025,100%,84%,100%,100%,0%,良好,
313,俄乌冲突后欧洲新能源战略的退守与依附,medium,99.7,1095,1172,1.07,100%,99%,100%,100%,0%,良好,
314,能源安全需结构多元化，警惕海外资源收购风险,medium,85.5,754,931,1.235,100%,85%,100%,0%,0%,基本合格,指标偏低但未见单项硬伤，建议人工抽查
315,能源安全结构：脚踏多条船与中俄博弈的底层逻辑,medium,95.4,751,1079,1.437,100%,85%,100%,100%,0%,良好,
316,俄乌冲突激化全球能源安全结构问题,medium,96.9,1112,980,0.881,100%,90%,100%,100%,0%,良好,
317,美国能源独立重塑全球战略与欧洲困境,medium,95.4,834,923,1.107,100%,85%,100%,100%,0%,良好,
318,默克尔的平衡术与欧洲能源安全结构的深层逻辑,medium,96.3,903,945,1.047,100%,88%,100%,100%,0%,良好,
319,俄乌冲突加速欧俄能源脱钩与中东角色回归,medium,99.4,930,893,0.96,100%,98%,100%,100%,0%,良好,
320,中东以政治条件换取能源稳定，市场失灵下的地缘博弈,medium,83.6,674,918,1.362,92%,88%,100%,0%,0%,基本合格,指标偏低但未见单项硬伤，建议人工抽查
321,俄乌冲突本质是经济频道：能源武器与全球滞胀风险,medium,91.7,1144,881,0.77,100%,72%,100%,100%,0%,良好,
322,俄乌冲突重塑全球逻辑：能源与粮食安全高于一切,medium,85.9,1326,1064,0.802,100%,86%,100%,0%,0%,基本合格,指标偏低但未见单项硬伤，建议人工抽查
323,俄乌冲突背后的能源账：旧能源复兴与新能源节奏,medium,98.2,1270,1039,0.818,100%,94%,100%,100%,0%,良好,
324,俄乌冲突下的能源武器化与全球供应链风险,medium,91.1,1679,1127,0.671,100%,87%,67%,100%,0%,良好,
325,俄乌冲突下全球能源供应链的逼仓风险与制裁困境,medium,87.4,1493,1046,0.701,93%,82%,67%,100%,0%,基本合格,指标偏低但未见单项硬伤，建议人工抽查
326,俄乌冲突推演：从市场逼仓到全球大萧条的路径,medium,81.3,1455,1150,0.79,95%,94%,0%,100%,0%,基本合格,数字/年份保留率低（丢：2029年）
327,碳权本质是生存发展权的定价与技术壁垒,medium,97.1,1223,923,0.755,100%,90%,100%,100%,0%,良好,
328,碳技术关税与货币化构建新国际贸易金融体系,medium,96.5,899,844,0.939,100%,88%,100%,100%,0%,良好,
329,中国碳战略：从被动应对到主动引领的明牌博弈,medium,84.6,1007,1007,1.0,96%,78%,50%,100%,0%,基本合格,指标偏低但未见单项硬伤，建议人工抽查
330,碳关税背后的经济账：历史排放、发展权与政治博弈,medium,94.7,1112,1021,0.918,100%,82%,100%,100%,0%,良好,
331,能源转型瓶颈与新旧能源转换的现实困境,medium,95.9,1189,902,0.759,100%,86%,100%,100%,0%,良好,
332,能源转型的脆弱性与安全优先策略,medium,91.7,936,871,0.931,91%,83%,100%,100%,0%,良好,
333,碳排放权的本质是发展权：从UGG产业链转移看环保成本,medium,92.7,909,994,1.094,100%,76%,100%,100%,0%,良好,
334,碳排放权的本质是发展权：以河南羊皮加工为例,medium,91.3,1182,1096,0.927,100%,71%,100%,100%,0%,良好,
335,碳排放权的本质是生存与发展的权利,medium,98.1,757,921,1.217,100%,94%,100%,100%,0%,良好,
336,碳排放权的本质是发展权：西方也曾经历高污染阶段,medium,93.5,1459,1064,0.729,100%,78%,100%,100%,0%,良好,
337,碳排放权的本质是各国生存发展权利的定价与博弈,medium,93.1,668,894,1.338,100%,77%,100%,100%,0%,良好,
338,碳排放权的本质是发展权与产业格局之争,medium,96.7,1332,1081,0.812,100%,89%,100%,100%,0%,良好,
339,木头姐ARKK本质是二级市场的风投逻辑,medium,81.5,2101,1177,0.56,87%,76%,100%,33%,0%,基本合格,指标偏低但未见单项硬伤，建议人工抽查
340,木头姐ARKK基金：赚风口与估值钱的逻辑与风险,medium,94.9,2244,1661,0.74,96%,87%,100%,100%,0%,良好,
341,理性看待ARKK：在估值与价值周期中把握投资节奏,medium,79.9,1632,1212,0.743,100%,83%,0%,100%,0%,中等：建议人工复核,数字/年份保留率低（丢：2000年）
342,北京冬奥背后的冰雪经济逻辑与产业链价值,medium,94.2,862,931,1.08,92%,90%,100%,100%,0%,良好,
343,冬奥背后的冰雪经济：三千亿市场与区域振兴,medium,100.0,881,831,0.943,100%,100%,100%,100%,0%,良好,
344,单位分房时代的社会职能与员工安居乐业,medium,90.5,2031,1256,0.618,96%,73%,100%,100%,0%,良好,
345,纯市场经济下企业社会责任的缺失与国企的隐性价值,medium,91.7,1766,1279,0.724,92%,81%,100%,100%,0%,良好,
346,先安家后立业：私营企业的员工关怀与人才留存,medium,94.1,1315,1115,0.848,100%,90%,80%,100%,0%,良好,
347,城市化摊大饼模式下的卫星城困境与通勤成本,medium,95.8,1484,1094,0.737,100%,86%,100%,100%,0%,良好,
348,中国大城市长通勤的根源是功能区错配,medium,88.8,1476,1034,0.701,83%,82%,100%,100%,0%,基本合格,指标偏低但未见单项硬伤，建议人工抽查
349,资产价格飙升挤出产业：从望京到华为外迁的逻辑,medium,73.3,1800,1148,0.638,95%,66%,0%,100%,0%,中等：建议人工复核,数字/年份保留率低（丢：809年）
350,从电视购物到电商垄断：零售业的流量变现与社区回归,medium,83.4,1911,1181,0.618,88%,58%,100%,100%,0%,基本合格,指标偏低但未见单项硬伤，建议人工抽查
351,线上隐性成本高企与流量垄断下的零售变局,medium,98.9,1482,1334,0.9,100%,96%,100%,100%,0%,良好,
352,零售流量本质：从平台垄断到全产业链寡头,medium,99.4,1518,1353,0.891,100%,98%,100%,100%,0%,良好,
353,线下零售成本高企的真相：税收与规范化,medium,74.6,1668,1115,0.668,84%,67%,100%,0%,0%,中等：建议人工复核,指标偏低但未见单项硬伤，建议人工抽查
354,线下零售的困境：房租上涨、经营不稳与电商早期的成本优势,medium,89.9,1707,1066,0.624,95%,72%,100%,100%,0%,基本合格,指标偏低但未见单项硬伤，建议人工抽查
355,线下卖场本质是收租与资金沉淀的平台,medium,95.5,1303,1033,0.793,95%,91%,100%,100%,0%,良好,
356,垄断的本质：资本对产业链与销售端的终极控制,medium,90.9,1244,1037,0.834,93%,77%,100%,100%,0%,良好,
357,资本如何通过构建网络实现垄断及反垄断的破局点,medium,98.2,1112,1071,0.963,100%,94%,100%,100%,0%,良好,
358,从产业到资本：垄断形态的演变与反垄断本质,medium,94.2,1313,1101,0.839,100%,81%,100%,100%,0%,良好,
359,房住不炒时代：年轻人焦虑的根源与资产逻辑重构,medium,98.9,388,918,2.366,100%,96%,100%,100%,0%,良好,
360,日韩房地产泡沫与人口断崖的必然逻辑,medium,94.3,812,993,1.223,93%,89%,100%,100%,0%,良好,
361,东方文明的家国底色与人口变迁的文化逻辑,medium,92.7,885,1079,1.219,89%,89%,100%,100%,0%,良好,
362,东亚人口问题的核心是现实压力而非自由主义思潮,medium,97.3,1219,999,0.82,100%,91%,100%,100%,0%,良好,
363,中国房地产黄金十年与人口红利的代际匹配,medium,88.7,846,968,1.144,83%,82%,100%,100%,0%,基本合格,指标偏低但未见单项硬伤，建议人工抽查
364,人口基数下滑与房价趋势对出生率的影响,medium,93.9,1266,995,0.786,94%,86%,100%,100%,0%,良好,
365,中国房价演变：从人口红利到投机炒作对生育的冲击,medium,96.0,948,1050,1.108,100%,87%,100%,100%,0%,良好,
366,价值投资与时间价值：负债久期如何决定交易行为,medium,91.6,1559,1223,0.784,93%,80%,100%,100%,0%,良好,
367,对冲基金与长线资金的交易逻辑差异,medium,90.5,1989,1475,0.742,88%,83%,100%,100%,0%,良好,
368,股票收益源于价值与流动性估值扩张的叠加,medium,80.8,980,1029,1.05,100%,86%,0%,100%,0%,基本合格,数字/年份保留率低（丢：2008年）
369,房地产开发本质是金融杠杆游戏,medium,98.8,1476,1300,0.881,100%,96%,100%,100%,0%,良好,
370,房地产开发中的金融杠杆：从前融拿地到施工垫资,medium,89.4,1730,1157,0.669,87%,80%,100%,100%,0%,基本合格,指标偏低但未见单项硬伤，建议人工抽查
371,房地产开发销售环节中的金融杠杆与风险,medium,90.2,1810,1304,0.72,90%,79%,100%,100%,0%,良好,
372,美国基建困局：经济性缺失与制度性成本过高,medium,93.0,1099,997,0.907,92%,86%,100%,100%,0%,良好,
373,美国基建困局：党争内耗与低效体制的必然结果,medium,96.1,764,945,1.237,100%,87%,100%,100%,0%,良好,
374,美国基建停滞的本质：全球化下的资本逐利与产业转移,medium,95.5,942,914,0.97,100%,85%,100%,100%,0%,良好,
375,美国基建的历史辉煌与现实落差,medium,82.6,1186,933,0.787,70%,85%,83%,100%,0%,基本合格,指标偏低但未见单项硬伤，建议人工抽查
376,美国基建停滞与中美对比的误区,medium,95.9,1123,937,0.834,93%,95%,100%,100%,0%,良好,
377,付鹏：美国基建并非全面落后，中美交通体系各有优劣,medium,91.6,1210,1098,0.907,92%,81%,100%,100%,0%,良好,
378,房价停滞对早买房者与高位接盘者的不同影响,medium,94.7,928,998,1.075,100%,82%,100%,100%,0%,良好,
379,房价下跌引发资产负债表衰退与消费萎缩,medium,94.0,1177,1143,0.971,95%,86%,100%,100%,0%,良好,
380,居民债务的终极形态是对人口问题的冲击,medium,99.5,1177,1108,0.941,100%,98%,100%,100%,0%,良好,
381,中国居民消费逻辑：房价上涨带来的资产负债表效应,medium,94.2,1328,967,0.728,100%,81%,100%,100%,0%,良好,
382,房价上涨带来的财富效应是消费预期的核心支撑,medium,91.0,1225,1138,0.929,92%,79%,100%,100%,0%,良好,
383,房价与消费：资产价格上涨如何透支居民购买力,medium,88.0,1264,1054,0.834,95%,78%,75%,100%,0%,基本合格,指标偏低但未见单项硬伤，建议人工抽查
384,中国咖啡文化的三代演变与认知差异,medium,77.5,1839,1446,0.786,85%,68%,50%,100%,0%,中等：建议人工复核,指标偏低但未见单项硬伤，建议人工抽查
385,星巴克卖的不是咖啡，而是社交场景与装修,medium,72.8,2128,1394,0.655,90%,71%,0%,100%,0%,中等：建议人工复核,数字/年份保留率低（丢：809年）
386,中国咖啡市场进入第三代：价格战、轻奢化与去社交化,medium,84.2,2519,1627,0.646,97%,85%,100%,0%,0%,基本合格,指标偏低但未见单项硬伤，建议人工抽查
387,欧洲天然气危机本质：争夺碳税权与技术裂变机遇,medium,98.5,1120,964,0.861,100%,95%,100%,100%,0%,良好,
388,欧洲能源危机：过快去化石化的代价与俄罗斯的定价权,medium,80.9,1277,1089,0.853,94%,94%,0%,100%,0%,基本合格,数字/年份保留率低（丢：501%）
389,欧洲天然气危机背后的新旧能源博弈与地缘政治,medium,90.5,1564,1187,0.759,100%,68%,100%,100%,0%,良好,
390,北部都会区直击香港核心矛盾：居者有其屋,medium,94.9,1448,901,0.622,100%,83%,100%,100%,0%,良好,
391,香港北部都会区：打破资本囤地困局的居者有其屋新解,medium,86.8,1731,1221,0.705,94%,88%,50%,100%,0%,基本合格,指标偏低但未见单项硬伤，建议人工抽查
392,北部都会区是香港解决住房与民生问题的关键筹码,medium,95.4,1452,900,0.62,100%,85%,100%,100%,0%,良好,
393,国货从消失到复兴：工艺无差异性是国潮崛起的根本,medium,92.5,1630,1142,0.701,95%,81%,100%,100%,0%,良好,
394,国货崛起的底层逻辑：无差异竞争与美学升级,medium,86.2,1621,1144,0.706,80%,77%,100%,100%,0%,基本合格,指标偏低但未见单项硬伤，建议人工抽查
395,国潮走向全球需先完成文化输出与品牌溢价,medium,92.9,1689,1236,0.732,92%,85%,100%,100%,0%,良好,
396,外卖平台本质是劳务派遣与风险隔离,medium,96.1,1113,1088,0.978,100%,87%,100%,100%,0%,良好,
397,外卖用工的三种模式与大数据派单下的议价权丧失,medium,100.0,855,977,1.143,100%,100%,100%,100%,0%,良好,
398,外卖平台借外包撇清劳动关系，需重新界定雇主责任,medium,91.3,725,1232,1.699,88%,86%,100%,100%,0%,良好,
399,从二三线城市调研看居民消费降级与转移,medium,94.0,1196,927,0.775,100%,80%,100%,100%,0%,良好,
400,消费降级背后的中产自我蚕食与政策两难,medium,94.3,673,1054,1.566,96%,86%,100%,100%,0%,良好,
401,中产阵痛与小商贩困境：为何刺激消费不如增收,medium,90.6,1159,1047,0.903,100%,69%,100%,100%,0%,良好,
402,“大而不倒”的本质是对监管与社会的绑架,medium,86.3,1441,989,0.686,86%,71%,100%,100%,0%,基本合格,指标偏低但未见单项硬伤，建议人工抽查
403,大而不倒的本质：债务绑架与自我增强的循环,medium,93.3,1099,1040,0.946,92%,87%,100%,100%,0%,良好,
404,拆解“大而不倒”：打破对赌预期与风险隔离,medium,96.2,1045,1073,1.027,94%,94%,100%,100%,0%,良好,
405,财政政策应从铁公基转向提升幸福感的软性支出,medium,96.8,1252,1228,0.981,100%,89%,100%,100%,0%,良好,
406,基建投资失效：经济结构矛盾下的债务陷阱,medium,95.6,1215,997,0.821,95%,91%,100%,100%,0%,良好,
407,理解“经济不行就搞基建”：投资是增长的放大器而非万能药,medium,94.7,1264,1032,0.816,100%,82%,100%,100%,0%,良好,
408,高估值背后的隐患：企业家精神与管理架构的缺失,medium,98.8,843,993,1.178,100%,96%,100%,100%,0%,良好,
409,估值过快增长与创始人套现风险,medium,98.8,525,853,1.625,100%,96%,100%,100%,0%,良好,
410,好公司的估值逻辑：扩张、消化与再预期,medium,95.4,550,895,1.627,100%,85%,100%,100%,0%,良好,
411,高估值是陷阱：当增长无法兑付预期时的套现逻辑,medium,94.0,737,907,1.231,100%,80%,100%,100%,0%,良好,
412,高估值的双刃剑：从风险投资到二级市场的兑现逻辑,medium,86.8,978,990,1.012,86%,72%,100%,100%,0%,基本合格,指标偏低但未见单项硬伤，建议人工抽查
413,一级市场高估值的本质是投资人回收成本的机制,medium,84.3,1045,963,0.922,100%,81%,100%,0%,0%,基本合格,指标偏低但未见单项硬伤，建议人工抽查
414,付鹏：富过三代并非神话，关键在于财富形态的转换与管理,medium,96.3,325,1065,3.277,100%,91%,100%,100%,0%,良好,
415,家族企业传承困境：从二代拒接棒到创始人控制权执念,medium,98.7,433,855,1.975,100%,96%,100%,100%,0%,良好,
416,家族企业的早期优势与规模化后的致命风险,medium,96.6,543,1090,2.007,100%,88%,100%,100%,0%,良好,
417,从期现双多到现股双多：囤货变现的金融逻辑与信仰危机,medium,89.2,1350,1062,0.787,93%,72%,100%,100%,0%,基本合格,指标偏低但未见单项硬伤，建议人工抽查
418,期现双多的本质：垄断渠道与预期管理的正向反馈,medium,90.9,1121,932,0.831,94%,76%,100%,100%,0%,良好,
419,解读金融稳定委“期现双多”：现货囤积与期货预期的正向反馈,medium,93.0,1364,1153,0.845,96%,82%,100%,100%,0%,良好,
420,乔家大院高粱霸盘：以收军马构建预期引导的金融博弈,medium,91.9,1009,1158,1.148,100%,73%,100%,100%,0%,良好,
421,乔家大院高粱霸盘：用预期制造金融需求解局,medium,92.4,1492,1178,0.79,100%,75%,100%,100%,0%,良好,
422,乔致庸化解流动性危机：抵押资产与联姻融资,medium,86.1,1702,1200,0.705,87%,69%,100%,100%,0%,基本合格,指标偏低但未见单项硬伤，建议人工抽查
423,乔家大院中的金融逻辑：流动性危机与挤兑,medium,89.2,1566,961,0.614,94%,71%,100%,100%,0%,基本合格,指标偏低但未见单项硬伤，建议人工抽查
424,《乔家大院》中的金融局：高粱霸盘与流动性危机,medium,96.3,1098,1029,0.937,100%,88%,100%,100%,0%,良好,
425,乔家大院高粱霸盘：垄断定价权与金融本质,medium,96.8,1021,954,0.934,100%,89%,100%,100%,0%,良好,
426,房地产中介赚的是信息差而非跑腿费,medium,97.5,1270,1189,0.936,100%,92%,100%,100%,0%,良好,
427,互联网35岁危机：从谢顶指数看职场残酷逻辑与战略突围,medium,95.4,778,1026,1.319,100%,85%,100%,100%,0%,良好,
428,四十不惑：金融人的角色转变与金钱观重塑,medium,88.9,632,1139,1.802,92%,73%,100%,100%,0%,基本合格,指标偏低但未见单项硬伤，建议人工抽查
429,三十而立的本质是技能变现，而非成家立业,medium,91.5,952,985,1.035,100%,72%,100%,100%,0%,良好,
430,二十岁摸索世界，四十岁不再困惑：给年轻人的职业规划建议,medium,97.9,602,869,1.444,100%,93%,100%,100%,0%,良好,
431,二十岁多尝试，四十岁定终身：职业规划的试错与定型,medium,99.2,1152,1080,0.938,100%,97%,100%,100%,0%,良好,
432,直播烧画与NFT：数字资产的版权逻辑与商业想象,medium,81.4,1151,1172,1.018,92%,81%,100%,0%,0%,基本合格,指标偏低但未见单项硬伤，建议人工抽查
433,NFT本质是资产证券化：从天津文交所到直播烧画,medium,95.3,782,853,1.091,100%,84%,100%,100%,0%,良好,
434,付鹏谈NFT热潮与艺术品炒作逻辑,medium,97.7,652,988,1.515,100%,92%,100%,100%,0%,良好,
435,平台供应链通吃：从金融控制到农民工人化,medium,95.5,2059,1437,0.698,100%,85%,100%,100%,0%,良好,
436,技术进步需与社会分配达成动态平衡,medium,90.8,1484,1181,0.796,94%,76%,100%,100%,0%,良好,
437,虚拟主权与未来霸权：超越物理世界的货币战争,medium,96.9,1987,1528,0.769,100%,90%,100%,100%,0%,良好,
438,虚拟世界的主权争夺与超主权网络架构,medium,89.3,1999,1206,0.603,96%,80%,100%,67%,0%,基本合格,指标偏低但未见单项硬伤，建议人工抽查
439,虚拟货币的主权困境与精神世界的新霸权,medium,93.2,2487,1516,0.61,97%,81%,100%,100%,0%,良好,
440,教育焦虑的根源：教师地位下降与分配失衡,medium,96.3,856,1089,1.272,100%,88%,100%,100%,0%,良好,
441,教育产业背后：教师收入滞后与资产价格膨胀的矛盾,medium,96.7,1173,938,0.8,100%,89%,100%,100%,0%,良好,
442,教育资本化的极致：掏空当下与透支未来的商业模式,medium,95.5,867,897,1.035,100%,85%,100%,100%,0%,良好,
443,楼市套利背后的假离婚与政策补丁博弈,medium,81.4,819,925,1.129,70%,74%,100%,100%,0%,基本合格,指标偏低但未见单项硬伤，建议人工抽查
444,房地产暴利源于杠杆而非地价,medium,94.0,474,991,2.091,100%,80%,100%,100%,0%,良好,
445,房产限价的核心目的：切断杠杆，给金融机构看,medium,96.4,1096,997,0.91,100%,88%,100%,100%,0%,良好,
446,证监会处罚案例揭示的资本造假套路与做空机制缺失,medium,88.3,633,985,1.556,85%,79%,100%,100%,0%,基本合格,指标偏低但未见单项硬伤，建议人工抽查
447,信息差即利润：澳洲锌矿交易中的实地情报战,medium,90.2,453,943,2.082,90%,79%,100%,100%,0%,良好,
448,信息不对称是交易的核心：从库欣石油库存到浑水做空,medium,89.9,1170,1077,0.921,92%,75%,100%,100%,0%,基本合格,指标偏低但未见单项硬伤，建议人工抽查
449,炒房者如何通过控制盘口与心理预期操纵房价,medium,86.4,604,886,1.467,86%,71%,100%,100%,0%,基本合格,指标偏低但未见单项硬伤，建议人工抽查
450,房地产中介的隐形暴利：额度绑定与捂盘逻辑,medium,84.4,1391,1141,0.82,86%,64%,100%,100%,0%,基本合格,指标偏低但未见单项硬伤，建议人工抽查
451,好标的为何昂贵：利用低流通盘撬动价格的逻辑,medium,98.7,914,993,1.086,100%,96%,100%,100%,0%,良好,
452,楼市坐庄逻辑：不改变趋势，只加速波动,medium,97.8,1047,958,0.915,100%,93%,100%,100%,0%,良好,
453,热钱如何通过低负债成本推高国内资产价格,medium,94.5,1306,1015,0.777,92%,91%,100%,100%,0%,良好,
454,庄家与散户的核心区别：制造并利用信息不对等,medium,91.0,869,1107,1.274,89%,83%,100%,100%,0%,良好,
455,学历通胀下，高门槛手艺比泛化文凭更具回报,medium,94.5,697,930,1.334,94%,89%,100%,100%,0%,良好,
456,过去二十年遍地黄金：外向型经济与增量时代的红利,medium,92.4,612,998,1.631,100%,75%,100%,100%,0%,良好,
457,三胎政策非核心，一胎断崖与房价收入比才是根因,medium,99.3,513,863,1.682,100%,98%,100%,100%,0%,良好,
458,内卷化逼出工匠精神：总量见顶时的细分突围,medium,94.0,727,896,1.232,91%,91%,100%,100%,0%,良好,
459,从核桃到球鞋：资产泡沫背后的代际价值观变迁,medium,90.4,802,1042,1.299,83%,87%,100%,100%,0%,良好,
460,虚拟资产泡沫的本质：缺乏实用价值与信用背书,medium,97.1,1000,1008,1.008,100%,90%,100%,100%,0%,良好,
461,流动性泛滥中虚拟资产是消灭财富的工具,medium,97.7,602,1011,1.679,100%,92%,100%,100%,0%,良好,
462,工厂招工难的深层逻辑：投机诱惑与阶层固化,medium,95.3,581,905,1.558,100%,84%,100%,100%,0%,良好,
463,加班十倍工资的逻辑与年轻人躺平的边际真相,medium,98.4,520,1047,2.013,100%,95%,100%,100%,0%,良好,
464,消费主义的本质是解决资本主义产能过剩,medium,99.6,723,879,1.216,100%,99%,100%,100%,0%,良好,
465,消费主义的终局是金融：对远期现金流的吃干榨净,medium,99.6,646,1125,1.741,100%,99%,100%,100%,0%,良好,
466,互联网寡头对社会的危害不亚于房地产,medium,97.2,434,900,2.074,100%,91%,100%,100%,0%,良好,
467,互联网平台垄断逻辑：烧钱清场与吃两头,medium,99.3,463,927,2.002,100%,98%,100%,100%,0%,良好,
468,外卖打车背后的寡头垄断与大数据杀熟,medium,90.7,1896,1404,0.741,96%,87%,75%,100%,0%,良好,
469,创业终局：在巨头垄断下，主动寻求并购是唯一出路,medium,90.6,649,963,1.484,100%,94%,50%,100%,0%,良好,
470,雪球结构本质：购买者实为卖出期权的“卖保险者”,medium,100.0,543,894,1.646,100%,100%,100%,100%,0%,良好,
471,股指期货持仓放开是雪球产品壮大的基础,medium,91.9,450,874,1.942,100%,98%,50%,100%,0%,良好,
472,保险公司并非稳赚不赔：黑天鹅事件下的无限风险,medium,97.9,598,876,1.465,100%,93%,100%,100%,0%,良好,
473,雪球结构本质：谁在支付保费，谁在对冲风险,medium,97.6,563,848,1.506,100%,92%,100%,100%,0%,良好,
474,雪球结构本质：用超额收益支付对冲系统性风险的保费,medium,99.0,1039,1074,1.034,100%,96%,100%,100%,0%,良好,
475,雪球产品、股指期货与超额阿尔法收益的共振逻辑,medium,99.6,809,939,1.161,100%,99%,100%,100%,0%,良好,
476,付鹏：医美暴利不在上游，而在下游渠道的灰色成本,medium,90.2,791,1073,1.357,83%,87%,100%,100%,0%,良好,
477,医美行业为何频繁“洗手不干”：税务风险与舆论危机,medium,88.1,854,963,1.128,83%,80%,100%,100%,0%,基本合格,指标偏低但未见单项硬伤，建议人工抽查
478,医美行业乱象：贩卖焦虑与医美贷的陷阱,medium,96.5,871,905,1.039,100%,88%,100%,100%,0%,良好,
479,外资越跌越买的逻辑：左侧交易只问买不买，不问价格高低,medium,92.5,840,1032,1.229,90%,87%,100%,100%,0%,良好,
480,左侧交易逻辑：为何机构越跌越买且长期持有,medium,94.8,959,1024,1.068,100%,83%,100%,100%,0%,良好,
481,外资买入不代表见底，而是资产相对便宜及负债驱动逻辑,medium,97.0,1036,1067,1.03,100%,97%,86%,100%,0%,良好,
482,赚资产估值偏离的钱快，但终将回归价值,medium,97.1,599,938,1.566,100%,90%,100%,100%,0%,良好,
483,财富效应不足时的投资逻辑与核心资产配置,medium,91.5,1193,1256,1.053,83%,91%,100%,100%,0%,良好,
484,2020年股市收益本质：全球负债端成本变动与边际资金效应,medium,96.2,1048,1090,1.04,100%,87%,100%,100%,0%,良好,
485,热钱涌入与流出的逻辑：新兴市场与中国市场的差异,medium,98.5,1225,1154,0.942,100%,95%,100%,100%,0%,良好,
486,股票涨跌与资产无关：从增量博弈到存量回归的路径推演,medium,88.7,436,851,1.952,100%,96%,100%,0%,0%,基本合格,指标偏低但未见单项硬伤，建议人工抽查
487,高利率抑制投机：西班牙加入欧元区前后的社会变迁,medium,88.6,958,1108,1.157,94%,82%,75%,100%,0%,基本合格,指标偏低但未见单项硬伤，建议人工抽查
488,卖掉伦敦房产移居南欧：电视节目如何催生房地产套利潮,medium,81.9,595,1160,1.95,85%,78%,60%,100%,0%,基本合格,指标偏低但未见单项硬伤，建议人工抽查
489,离开北京去成都养老：四个年轻人供养两个老人的经济账,medium,98.1,1235,1086,0.879,100%,94%,100%,100%,0%,良好,
490,金融杠杆收缩是资产崩盘的明确信号,medium,94.5,653,933,1.429,100%,94%,75%,100%,0%,良好,
491,房价下跌的真相：你就是原因，因即是果,medium,99.8,1074,1041,0.969,100%,99%,100%,100%,0%,良好,
492,大而不倒的悖论：因不敢出事而累积更大危机,medium,95.7,361,985,2.729,100%,86%,100%,100%,0%,良好,
493,省会城市虹吸效应：人口与财富向中心集聚,medium,96.2,665,866,1.302,100%,88%,100%,100%,0%,良好,
494,户口价值正在稀释：公共资源均衡与人口争夺战,medium,95.7,981,1057,1.077,100%,86%,100%,100%,0%,良好,
495,人口是资产定价的根源：从东北衰退看现金流折现,medium,92.6,678,961,1.417,100%,75%,100%,100%,0%,良好,
496,亚洲金融危机后香港社会的阶层固化与希望缺失,medium,91.5,1145,1099,0.96,92%,81%,100%,100%,0%,良好,
497,香港K型社会撕裂：中资涌入与贫富隔阂下的情绪失衡,medium,99.6,1392,1247,0.896,100%,98%,100%,100%,0%,良好,
498,底层怕通缩顶层怕通胀：城市化下的生存挤压,medium,88.0,1323,1306,0.987,100%,93%,100%,0%,0%,基本合格,指标偏低但未见单项硬伤，建议人工抽查
499,房地产的绑架逻辑：资产如何变为绞索,medium,99.2,912,1104,1.211,100%,98%,100%,100%,0%,良好,
500,九七年香港房地产泡沫：一代人被债务吞噬的青春,medium,96.8,1077,1039,0.965,100%,90%,100%,100%,0%,良好,
501,银行不愿收房：负资产下的生存逻辑与通缩真相,medium,96.2,738,1032,1.398,100%,87%,100%,100%,0%,良好,
502,中外房地产暴利真相：杠杆率与持有成本的本质差异,medium,91.1,1126,1147,1.019,100%,70%,100%,100%,0%,良好,
503,外国人并非不炒房，只是持有成本与盈利模式不同,medium,75.8,1595,1423,0.892,96%,83%,50%,0%,0%,中等：建议人工复核,指标偏低但未见单项硬伤，建议人工抽查
504,金融监管放松与房地产泡沫中的赢家逻辑,medium,98.2,1007,1062,1.055,100%,94%,100%,100%,0%,良好,
505,资本绝不能控制教育：阶层跨越的通道必须公平,medium,99.2,649,909,1.401,100%,97%,100%,100%,0%,良好,
506,教育资源分配：钱不应决定入学资格,medium,96.4,767,1064,1.387,100%,88%,100%,100%,0%,良好,
507,疫情暴露美国社会撕裂与资本主义分配困境,medium,85.0,389,1005,2.584,70%,85%,100%,100%,0%,基本合格,指标偏低但未见单项硬伤，建议人工抽查
508,一线房产内部的一二三级分化与投资建议,medium,96.7,460,1008,2.191,100%,89%,100%,100%,0%,良好,
509,户籍观念淡化与环京房产的投资逻辑陷阱,medium,98.0,884,1083,1.225,100%,93%,100%,100%,0%,良好,
510,付鹏：死磕一线城市没必要，坚持三年拿不到资源就撤,medium,93.0,409,989,2.418,100%,77%,100%,100%,0%,良好,
511,豪宅并非居住属性而是金融抵押品,medium,83.1,753,945,1.255,100%,94%,0%,100%,0%,基本合格,数字/年份保留率低（丢：千万三千万）
512,豪宅操盘术：零成本收购与银行授信套利,medium,100.0,1659,1678,1.011,100%,100%,100%,100%,0%,良好,
513,过亿豪宅的本质是资金载体与富人间的流动性置换,medium,89.6,918,1078,1.174,100%,80%,71%,100%,0%,基本合格,指标偏低但未见单项硬伤，建议人工抽查
514,1999年留学英国的房产套利：时代造就的财富,medium,95.9,1144,1051,0.919,100%,93%,88%,100%,0%,良好,
515,金融监管放松红利：免费留学与财富翻倍的案例复盘,medium,94.3,1133,1221,1.078,100%,81%,100%,100%,0%,良好,
516,2008年次贷危机的根源：金融监管大放松,medium,92.0,1003,1153,1.15,93%,82%,100%,100%,0%,良好,
517,产业转移与服务业化：西方劳动收入下降的根源,medium,92.5,1753,1405,0.801,97%,87%,83%,100%,0%,良好,
518,读懂政策平衡术：从09年杠杆激增到越南房产陷阱,medium,99.2,1454,1483,1.02,100%,97%,100%,100%,0%,良好,
519,界定炒房与自住的核心标准是金融杠杆,medium,97.1,656,1066,1.625,100%,90%,100%,100%,0%,良好,
520,房价上涨本质是卖方折现买方的未来现金流,medium,98.5,1833,1773,0.967,100%,95%,100%,100%,0%,良好,
521,收入三重结构与房价上涨的劈叉现象,medium,85.4,1664,1080,0.649,91%,62%,100%,100%,0%,基本合格,指标偏低但未见单项硬伤，建议人工抽查
522,资产价格压制下的年轻人：不婚不育是被迫而非自我,medium,98.2,1511,1218,0.806,100%,94%,100%,100%,0%,良好,
523,日本居住空间压缩与低生育率的社会经济根源,medium,72.3,2287,1408,0.616,91%,68%,0%,100%,0%,中等：建议人工复核,"数字/年份保留率低（丢：1970年, 1980年）"
